Reference,Qty,Value,MPN,Footprint,Link,EXT_Price_USD,Total Component Cost
C1,1,1 µF,AC0805KKX7R8BB105,Capacitor_SMD:C_0805_2012Metric,https://www.digikey.com/en/products/detail/yageo/AC0805KKX7R8BB105/6643137,$0.39,$89.77
"C2,C3,C4,C6,C8,C9,C10,C12",8,10 µF,GMC21X5R106M10NT,Capacitor_SMD:C_0805_2012Metric,https://www.digikey.com/en/products/detail/cal-chip-electronics-inc/GMC21X5R106M10NT/25622741,$1.52,
"C5,C7",2,22 µF,GMC21X5R226M10NT,Capacitor_SMD:C_0805_2012Metric,https://www.digikey.com/en/products/detail/cal-chip-electronics-inc/GMC21X5R226M10NT/25672174,$0.72,
"C11,C13",2,.1 µF,CC0805KRX7R6BB104,Capacitor_SMD:C_0805_2012Metric,https://www.digikey.com/en/products/detail/yageo/CC0805KRX7R6BB104/11490895,$0.34,
C14,1,0.1 µF,CC0805KRX7R6BB104,Capacitor_SMD:C_0805_2012Metric,https://www.digikey.com/en/products/detail/yageo/CC0805KRX7R6BB104/11490895,$0.17,
"C15,C16,C31,C32",4,0.1 µF,CC0805KRX7R6BB104,Capacitor_SMD:C_0805_2012Metric,https://www.digikey.com/en/products/detail/yageo/CC0805KRX7R6BB104/11490895,$0.68,
C17,1,2.2 nF,C0805C222K2GECTU,Capacitor_SMD:C_0805_2012Metric,https://www.digikey.com/en/products/detail/kemet/C0805C222K2GECTU/8644595,$0.30,
"C18,C27,C28,C29,C30",5,10 µF,HHXC630ARA100MF61G,Capacitor_SMD:CP_Elec_6.3x5.4,https://www.digikey.com/en/products/detail/chemi-con/HHXC630ARA100MF61G/6928179,$4.10,
"C19,C20,C21,C22,C23,C24",6,100 nF,CC0805KRX7R6BB104,Capacitor_SMD:C_0805_2012Metric,https://www.digikey.com/en/products/detail/yageo/CC0805KRX7R6BB104/11490895,$1.02,
C25,1,10 nF,C0805C103K1RECTU,Capacitor_SMD:C_0805_2012Metric,https://www.digikey.com/en/products/detail/kemet/C0805C103K1RECTU/8643869,$0.33,
"D1,D2",2,LED_Small,EAST2012WA1,LED_SMD:LED_0805_2012Metric,https://www.digikey.com/en/products/detail/everlight-electronics-co-ltd/EAST2012WA1/11200795,$0.46,
"D3,D4",2,D_Schottky,MBR0520L,Diode_SMD:D_SOD-123,https://www.digikey.com/en/products/detail/smc-diode-solutions/MBR0520L/13996701,$1.18,
"FB1,FB2",2,FerriteBead,ACML-0805-500-T,Inductor_SMD:L_0805_2012Metric,https://www.digikey.com/en/products/detail/abracon-llc/ACML-0805-500-T/4696694,$0.22,
J1,1,USB_C_Receptacle_USB2.0_16P,USB4085-GF-A,Connector_USB:USB_C_Receptacle_HRO_TYPE-C-31-M-12,https://www.digikey.be/en/products/detail/gct/USB4085-GF-A/9859662?srsltid=AU7gw4WfplAn6MN7IT7roT6341tj5xRqVfOye_ZDlPyFE0kO7_P556jT,$0.91,
J2,1,Conn_01x02,SM02B-GHS-TB,Connector_JST:JST_GH_SM02B-GHS-TB_1x02-1MP_P1.25mm_Horizontal,https://www.digikey.com/en/products/detail/jst-sales-america-inc/SM02B-GHS-TB/807786,$0.35,
J3,1,AudioJack2_SwitchT,NMJ4HCD2,Connector_Audio:Jack_6.35mm_Neutrik_NMJ4HCD2_Horizontal,https://www.digikey.com/en/products/detail/neutrik-americas-inc/NMJ4HCD2/29371256,$2.53,
J4,1,AudioJack2,NMJ4HCD2,Connector_Audio:Jack_6.35mm_Neutrik_NMJ4HCD2_Horizontal,https://www.digikey.com/en/products/detail/neutrik-americas-inc/NMJ4HCD2/29371256,$2.53,
J5,1,AudioJack3,SJ1-3523N,Connector_Audio:Jack_3.5mm_CUI_SJ1-3523N_Horizontal,https://www.digikey.com/en/products/detail/same-sky-formerly-cui-devices/SJ1-3523N/738689,$1.12,
"L1,L2",2,4.7 µH,ASMCI-0805-4R7M-T,Inductor_SMD:L_0805_2012Metric,https://www.digikey.com/en/products/detail/abracon-llc/ASMCI-0805-4R7M-T/4215145,$0.42,
"R1,R2",2,5.1 kΩ,RT0805BRD075K1L,Resistor_SMD:R_0805_2012Metric,https://www.digikey.com/en/products/detail/yageo/RT0805BRD075K1L/1075977,$0.20,
R3,1,1.5 kΩ,RT0805DRE071K5L,Resistor_SMD:R_0805_2012Metric,https://www.digikey.com/en/products/detail/yageo/RT0805DRE071K5L/1078507,$0.10,
R4,1,1.8 kΩ,RC0805FR-071K82L,Resistor_SMD:R_0805_2012Metric,https://www.digikey.com/en/products/detail/yageo/RC0805FR-071K82L/727523,$0.10,
"R5,R8,R11,R21,R22",5,10 kΩ,RC0805FR-0710KP,Resistor_SMD:R_0805_2012Metric,https://www.digikey.com/en/products/detail/yageo/RC0805FR-0710KP/4935334,$0.65,
"R6,R7,R14",3,1 kΩ,RCA08051K00JNEA,Resistor_SMD:R_0805_2012Metric,https://www.digikey.com/en/products/detail/vishay-dale/RCA08051K00JNEA/4946804,$0.42,
R9,1,140 kΩ,RC0805FR-07140KL,Resistor_SMD:R_0805_2012Metric,https://www.digikey.com/en/products/detail/yageo/RC0805FR-07140KL/727602,$0.10,
R10,1,75 kΩ,CRCW080575K0FKEA,Resistor_SMD:R_0805_2012Metric,https://www.digikey.com/en/products/detail/vishay-dale/CRCW080575K0FKEA/1175851,$0.10,
R12,1,1 MΩ,RNCF0805DTE1M00,Resistor_SMD:R_0805_2012Metric,https://www.digikey.com/en/products/detail/stackpole-electronics-inc/RNCF0805DTE1M00/1708252,$0.10,
R13,1,10 MΩ,RC0805FR-0710ML,Resistor_SMD:R_0805_2012Metric,https://www.digikey.com/en/products/detail/yageo/RC0805FR-0710ML/727536,$0.11,
"R15,R16,R19,R20",4,100 kΩ,RT0805FRE10100KL,Resistor_SMD:R_0805_2012Metric,https://www.digikey.com/en/products/detail/yageo/RT0805FRE10100KL/17022986,$0.40,
"R17,R18",2,100 Ω,AC0805JR-07100RL,Resistor_SMD:R_0805_2012Metric,https://www.digikey.com/en/products/detail/yageo/AC0805JR-07100RL/5897042,$0.20,
"RV1,RV2,RV3,RV4,RV5",5,10 kΩ,MCU08050C1002FP500,Potentiometer_THT:Potentiometer_Bourns_PTV09A-1_Single_Vertical,https://www.digikey.com/en/products/detail/vishay/MCU08050C1002FP500/2607870,$0.55,
RV6,1,10 kΩ,PTD902-2215K-B103,Potentiometer_THT:Potentiometer_Alpha_RD902F-40-00D_Dual_Vertical,https://www.digikey.com/en/products/detail/bourns-inc/PTD902-2215K-B103/24635169?gclsrc=aw.ds&gad_source=1&gad_campaignid=20504615262&gbraid=0AAAAADrbLlii9l8wczSLOMq0ST1EEL0hU&gclid=Cj0KCQjw8ofWBhCHARIsANBj4Lux6dOP0PwYjsPAOhCM09BNu-f1HESGK5VYjcMFFndt7GHKMk_Ql4gaAkvHEALw_wcB,$2.40,
"SW1,SW12",2,SW_SPDT,OS102011MS2QN1,Button_Switch_THT:SW_Slide_SPDT_Straight_CK_OS102011MS2Q,https://www.digikey.com/en/products/detail/c-k/OS102011MS2QN1/411602,$1.60,
"SW2,SW3,SW4,SW5,SW6,SW9",6,SW_SPDT,1301.9303,Button_Switch_THT:SW_PUSH_6mm,https://www.digikey.com/en/products/detail/schurter-inc/1301-9303/3189753,$3.60,
SW7,1,SW_Push,FS5700DPMT2B2M1QEH,Button_Switch_THT:SW_PUSH_E-Switch_FS5700DP_DPDT,https://www.digikey.com/en/products/detail/e-switch/FS5700DPMT2B2M1QEH/6825407,$7.95,
SW8,1,SW_SPDT_MSM,PCM12SMTR,Button_Switch_SMD:SW_SPDT_PCM12,https://www.digikey.com/en/products/detail/c-k/PCM12SMTR/1640112,$1.28,
SW10,1,SW_Push,430476085716,Button_Switch_THT:SW_PUSH-12mm_Wuerth-430476085716,http://digikey.com/en/products/detail/w%C3%BCrth-elektronik/430476085716/5209048,$0.50,
U1,1,BQ24072RGT,BQ24072TRGTR,Package_DFN_QFN:VQFN-16-1EP_3x3mm_P0.5mm_EP1.6x1.6mm,https://www.digikey.com/en/products/detail/texas-instruments/BQ24072TRGTR/2279244,$2.42,
"U2,U3",2,MT3608,TLV61048DBVR,Package_TO_SOT_SMD:SOT-23-6,https://www.digikey.com/en/products/detail/texas-instruments/TLV61048DBVR/10715594?gclsrc=aw.ds&gad_source=1&gad_campaignid=17338792030&gbraid=0AAAAADrbLlgFwcdS2O07OraivYyvl-1RH&gclid=Cj0KCQjw8ofWBhCHARIsANBj4Ls-yuDrTb7qT3850c5fw0H7LFI70Ok71sLOv9pjpnLvDtBzGRpK8oEaAk5eEALw_wcB,$1.80,
U4,1,MAX1044,MAX1044ESA+T,Package_SO:SOIC-8_3.9x4.9mm_P1.27mm,https://www.digikey.com/en/products/detail/analog-devices-inc-maxim-integrated/MAX1044ESA-T/1428729,$7.55,
"U5,U9",2,TL072,TL072CDT,Package_SO:SOIC-8_3.9x4.9mm_P1.27mm,https://www.digikey.com/en/products/detail/stmicroelectronics/TL072CDT/599372,$0.86,
U6,1,Daisy_Seed,,Daisy-Boards:DAISY_SEED,https://daisy.audio/products/seed3,$30.00,
U7,1,XIAO-ESP32-S3-SMD,113991114,Seeed_Studio_XIAO_Series:XIAO-ESP32-S3-SMD,https://www.digikey.com/en/products/detail/seeed-technology-co-ltd/113991114/19285530,$7.49,